page,clicks,impressions,ctr,position
https://numnumsbakery.com.au/,1068,21568,4.95,13.7
https://numnumsbakery.com.au/blog/best-eggless-cake-shops-sydney-2026,148,6345,2.33,9.6
https://numnumsbakery.com.au/blog/eggless-cake-bakery-harris-park-riverstone-sydney,108,7689,1.4,7.8
https://numnumsbakery.com.au/blog/photo-cake-sydney,99,3797,2.61,8.5
http://www.numnumsbakery.com.au/,55,1130,4.87,7.7
https://numnumsbakery.com.au/cakes,53,4769,1.11,14.4
https://numnumsbakery.com.au/blog/best-dessert-shop-sydney,35,2438,1.44,9.2
https://numnumsbakery.com.au/order,27,2722,0.99,5.3
https://numnumsbakery.com.au/indian-sweet,20,2233,0.9,10.8
https://numnumsbakery.com.au/blog/eggless-cake-storage-freshness-guide,17,3202,0.53,7.8
https://numnumsbakery.com.au/blog/eggless-cakes-schofields,17,535,3.18,6.9
https://numnumsbakery.com.au/blog/first-birthday-cake-sydney,16,327,4.89,9.0
https://numnumsbakery.com.au/blog/cake-serving-size-guide-sydney,15,1349,1.11,6.6
https://numnumsbakery.com.au/blog/cake-price-guide-sydney,14,700,2.0,6.1
https://numnumsbakery.com.au/blog/same-day-cake-sydney,14,600,2.33,8.5
https://numnumsbakery.com.au/blog/best-cake-sydney,13,2055,0.63,13.3
https://numnumsbakery.com.au/blog/eggless-cakes-dean-park,13,1016,1.28,8.1
https://numnumsbakery.com.au/blog/number-cakes-sydney,12,235,5.11,6.6
https://numnumsbakery.com.au/blog/kids-birthday-cake-sydney,11,252,4.37,9.1
https://numnumsbakery.com.au/blog/eggless-cake-for-toddlers-sydney,10,112,8.93,10.6
https://numnumsbakery.com.au/blog/cake-smash-cakes-sydney,9,113,7.96,7.3
https://numnumsbakery.com.au/blog/eggless-cake-vs-regular-cake,9,1341,0.67,6.8
https://numnumsbakery.com.au/blog/eggless-cakes-quakers-hill,9,285,3.16,7.6
https://numnumsbakery.com.au/blog/are-eggless-cakes-healthy,7,494,1.42,4.8
https://numnumsbakery.com.au/blog/eggless-cakes-doonside,7,397,1.76,7.8
https://numnumsbakery.com.au/about,6,1390,0.43,4.9
https://numnumsbakery.com.au/blog/eggless-cakes-eid-milad-un-nabi-sydney,6,264,2.27,6.7
https://numnumsbakery.com.au/blog/eggless-cake-for-vegetarians-sydney,5,660,0.76,20.2
https://numnumsbakery.com.au/blog/eggless-cakes-gender-reveal-sydney,5,126,3.97,6.9
https://numnumsbakery.com.au/blog/luxury-cake-sydney,5,79,6.33,12.5
https://numnumsbakery.com.au/blog,4,543,0.74,14.5
https://numnumsbakery.com.au/blog/eggless-cake-ingredients-sydney,4,204,1.96,9.1
https://numnumsbakery.com.au/blog/eggless-cakes-mid-autumn-festival-sydney,4,41,9.76,7.1
https://numnumsbakery.com.au/blog/eggless-cakes-northwest-sydney,4,119,3.36,13.1
https://numnumsbakery.com.au/blog/farewell-cake-sydney.html,4,143,2.8,5.7
https://numnumsbakery.com.au/blog/indian-sweets-harris-park-riverstone-sydney,4,358,1.12,6.3
https://numnumsbakery.com.au/blog/wedding-cake-sydney-north-west,4,669,0.6,15.5
https://numnumsbakery.com.au/blog/birthday-cake-for-men-sydney,3,88,3.41,9.1
https://numnumsbakery.com.au/blog/eggless-cake-egg-substitutes,3,1223,0.25,9.4
https://numnumsbakery.com.au/blog/eggless-cake-for-pregnancy-sydney,3,124,2.42,13.1
https://numnumsbakery.com.au/blog/eggless-cake-indian-flavours,3,89,3.37,9.7
https://numnumsbakery.com.au/blog/eggless-cake-nut-free-sydney,3,178,1.69,14.1
https://numnumsbakery.com.au/blog/eggless-cakes-the-ponds,3,60,5.0,6.1
https://numnumsbakery.com.au/blog/eggless-cakes-winston-hills,3,180,1.67,7.5
https://numnumsbakery.com.au/blog/halal-friendly-cakes-eggless-sydney,3,398,0.75,10.9
https://numnumsbakery.com.au/blog/unique-birthday-cake-ideas-sydney,3,254,1.18,10.4
https://numnumsbakery.com.au/blog/afternoon-tea-cakes-sydney,2,101,1.98,20.6
https://numnumsbakery.com.au/blog/birthday-cake-north-west-sydney,2,245,0.82,9.9
https://numnumsbakery.com.au/blog/cake-design-trends-sydney-2026,2,27,7.41,15.3
https://numnumsbakery.com.au/blog/eggless-birthday-cakes-sydney,2,39,5.13,10.6
https://numnumsbakery.com.au/blog/eggless-cake-delivery-sydney,2,148,1.35,28.4
https://numnumsbakery.com.au/blog/eggless-cake-flavours,2,81,2.47,7.6
https://numnumsbakery.com.au/blog/eggless-cake-for-egg-allergy,2,127,1.57,9.0
https://numnumsbakery.com.au/blog/eggless-cake-texture-moist,2,138,1.45,6.5
https://numnumsbakery.com.au/blog/eggless-cake-troubleshooting,2,329,0.61,8.2
https://numnumsbakery.com.au/blog/eggless-cakes-auburn,2,136,1.47,9.0
https://numnumsbakery.com.au/blog/eggless-cakes-birrong,2,143,1.4,6.2
https://numnumsbakery.com.au/blog/eggless-cakes-blacktown,2,40,5.0,6.1
https://numnumsbakery.com.au/blog/eggless-cakes-constitution-hill,2,150,1.33,8.2
https://numnumsbakery.com.au/blog/eggless-cakes-glenorie,2,18,11.11,6.1
https://numnumsbakery.com.au/blog/eggless-cakes-hassall-grove,2,66,3.03,5.2
https://numnumsbakery.com.au/blog/eggless-cakes-marayong,2,62,3.23,18.8
https://numnumsbakery.com.au/blog/eggless-cakes-north-kellyville,2,103,1.94,6.1
https://numnumsbakery.com.au/blog/eggless-cakes-northmead,2,204,0.98,7.4
https://numnumsbakery.com.au/blog/eggless-cakes-plumpton,2,71,2.82,7.8
https://numnumsbakery.com.au/blog/eggless-cakes-raksha-bandhan-sydney,2,60,3.33,9.6
https://numnumsbakery.com.au/blog/eggless-cakes-riverstone,2,365,0.55,8.4
https://numnumsbakery.com.au/blog/eggless-cakes-sinhala-tamil-new-year-sydney,2,37,5.41,7.5
https://numnumsbakery.com.au/blog/eggless-cakes-strathfield,2,32,6.25,7.9
https://numnumsbakery.com.au/blog/eggless-cakes-tallawong,2,28,7.14,14.9
https://numnumsbakery.com.au/blog/eggless-cakes-villawood,2,169,1.18,4.9
https://numnumsbakery.com.au/blog/how-eggless-cakes-are-made,2,126,1.59,8.7
https://numnumsbakery.com.au/blog/semi-naked-cake-sydney,2,38,5.26,8.4
https://numnumsbakery.com.au/blog/sheet-cake-sydney,2,56,3.57,7.3
https://numnumsbakery.com.au/blog/vegan-vs-eggless-cakes-difference,2,800,0.25,8.1
https://numnumsbakery.com.au/blog/birthday-cake-near-me-sydney-suburbs,1,22,4.55,19.4
https://numnumsbakery.com.au/blog/cake-cutting-ceremony-sydney,1,343,0.29,12.1
https://numnumsbakery.com.au/blog/cake-delivery-areas-sydney,1,19,5.26,13.8
https://numnumsbakery.com.au/blog/cake-delivery-sydney,1,59,1.69,16.4
https://numnumsbakery.com.au/blog/cake-flavour-guide-sydney,1,58,1.72,4.5
https://numnumsbakery.com.au/blog/cake-gifting-sydney,1,20,5.0,19.9
https://numnumsbakery.com.au/blog/cake-message-ideas-sydney,1,53,1.89,8.1
https://numnumsbakery.com.au/blog/cake-order-online-sydney,1,15,6.67,51.2
https://numnumsbakery.com.au/blog/cake-shop-western-sydney,1,153,0.65,14.1
https://numnumsbakery.com.au/blog/cake-smash-vs-first-birthday-cake-sydney,1,44,2.27,9.2
https://numnumsbakery.com.au/blog/cake-toppers-sydney,1,149,0.67,8.1
https://numnumsbakery.com.au/blog/corporate-cake-sydney,1,108,0.93,21.2
https://numnumsbakery.com.au/blog/custom-kids-birthday-cakes-marsden-park-schofields,1,23,4.35,14.5
https://numnumsbakery.com.au/blog/dairy-free-vs-eggless-cakes,1,81,1.23,6.5
https://numnumsbakery.com.au/blog/dashain-tihar-sydney,1,20,5.0,6.7
https://numnumsbakery.com.au/blog/eggless-birthday-cakes-every-age-sydney,1,41,2.44,20.1
https://numnumsbakery.com.au/blog/eggless-cake-calories-guide-sydney,1,589,0.17,7.7
https://numnumsbakery.com.au/blog/eggless-cake-food-colouring-sydney,1,5,20.0,14.8
https://numnumsbakery.com.au/blog/eggless-cake-for-birthday,1,48,2.08,12.6
https://numnumsbakery.com.au/blog/eggless-cake-for-pooja-sydney,1,16,6.25,24.4
https://numnumsbakery.com.au/blog/eggless-cake-gluten-free-sydney,1,14,7.14,20.8
https://numnumsbakery.com.au/blog/eggless-cake-nutrition-sydney,1,128,0.78,9.0
https://numnumsbakery.com.au/blog/eggless-cake-reviews-sydney,1,150,0.67,12.1
https://numnumsbakery.com.au/blog/eggless-cake-vs-sponge-cake,1,92,1.09,10.0
https://numnumsbakery.com.au/blog/eggless-cakes-anniversary-sydney,1,40,2.5,11.4
https://numnumsbakery.com.au/blog/eggless-cakes-beaumont-hills,1,27,3.7,19.1
https://numnumsbakery.com.au/blog/eggless-cakes-box-hill-sydney,1,38,2.63,12.8
https://numnumsbakery.com.au/blog/eggless-cakes-chuseok-sydney,1,8,12.5,4.6
https://numnumsbakery.com.au/blog/eggless-cakes-clyde,1,13,7.69,7.3
https://numnumsbakery.com.au/blog/eggless-cakes-dural,1,10,10.0,14
https://numnumsbakery.com.au/blog/eggless-cakes-durga-puja-sydney,1,79,1.27,7.1
https://numnumsbakery.com.au/blog/eggless-cakes-dussehra-sydney,1,28,3.57,11.1
https://numnumsbakery.com.au/blog/eggless-cakes-epping,1,69,1.45,12.8
https://numnumsbakery.com.au/blog/eggless-cakes-girraween,1,21,4.76,15.8
https://numnumsbakery.com.au/blog/eggless-cakes-greystanes,1,45,2.22,9.0
https://numnumsbakery.com.au/blog/eggless-cakes-harris-park,1,66,1.52,5.9
https://numnumsbakery.com.au/blog/eggless-cakes-homebush,1,60,1.67,15
https://numnumsbakery.com.au/blog/eggless-cakes-kellyville,1,39,2.56,9.6
https://numnumsbakery.com.au/blog/eggless-cakes-kings-park,1,37,2.7,8.8
https://numnumsbakery.com.au/blog/eggless-cakes-lohri-sydney,1,11,9.09,8.5
https://numnumsbakery.com.au/blog/eggless-cakes-maha-shivratri-sydney,1,58,1.72,15.9
https://numnumsbakery.com.au/blog/eggless-cakes-maraylya,1,17,5.88,4.9
https://numnumsbakery.com.au/blog/eggless-cakes-mays-hill,1,120,0.83,9.8
https://numnumsbakery.com.au/blog/eggless-cakes-merrylands-west,1,90,1.11,4.8
https://numnumsbakery.com.au/blog/eggless-cakes-onam-sydney,1,103,0.97,8.1
https://numnumsbakery.com.au/blog/eggless-cakes-parklea,1,44,2.27,7.4
https://numnumsbakery.com.au/blog/eggless-cakes-parramatta,1,29,3.45,10.7
https://numnumsbakery.com.au/blog/eggless-cakes-pitt-town,1,79,1.27,7.7
https://numnumsbakery.com.au/blog/eggless-cakes-richmond,1,28,3.57,14.9
https://numnumsbakery.com.au/blog/eggless-cakes-ryde,1,57,1.75,5.5
https://numnumsbakery.com.au/blog/eggless-cakes-soft-moist-myths-vs-facts,1,350,0.29,7.2
https://numnumsbakery.com.au/blog/eggless-cakes-sydney-olympic-park,1,139,0.72,6.6
https://numnumsbakery.com.au/blog/eggless-cakes-vesak-day-sydney,1,85,1.18,14.3
https://numnumsbakery.com.au/blog/eggless-cakes-west-ryde,1,79,1.27,7.4
https://numnumsbakery.com.au/blog/eggless-mini-cakes-cupcake-towers-sydney,1,3,33.33,7
https://numnumsbakery.com.au/blog/grand-final-party-cake-sydney,1,11,9.09,7.2
https://numnumsbakery.com.au/blog/how-to-choose-cake-sydney,1,33,3.03,16.2
https://numnumsbakery.com.au/blog/how-to-order-cake-sydney,1,35,2.86,40.6
https://numnumsbakery.com.au/blog/kids-birthday-cake-north-west-sydney,1,88,1.14,12.3
https://numnumsbakery.com.au/blog/multicultural-celebration-cake-sydney,1,178,0.56,7.7
https://numnumsbakery.com.au/blog/push-present-cake-sydney,1,11,9.09,11.6
https://numnumsbakery.com.au/blog/ram-navami-sydney,1,12,8.33,7.4
https://numnumsbakery.com.au/blog/rosh-hashanah-cakes-sydney,1,30,3.33,8.6
https://numnumsbakery.com.au/blog/theme-cakes-sydney,1,32,3.12,9.7
https://numnumsbakery.com.au/blog/anniversary-cake-sydney,0,121,0,16.1
https://numnumsbakery.com.au/blog/assyrian-new-year-kha-b-nisan-sydney,0,5,0,10.8
https://numnumsbakery.com.au/blog/autumn-cake-sydney,0,11,0,5.8
https://numnumsbakery.com.au/blog/basant-panchami-saraswati-puja-sydney,0,6,0,8
https://numnumsbakery.com.au/blog/best-eggless-cakes-near-me,0,5,0,24.8
https://numnumsbakery.com.au/blog/cake-consultation-sydney,0,69,0,4.7
https://numnumsbakery.com.au/blog/cake-display-ideas-sydney,0,24,0,9.1
https://numnumsbakery.com.au/blog/cake-for-new-job-promotion-sydney,0,4,0,7.2
https://numnumsbakery.com.au/blog/cake-for-university-events-sydney,0,2,0,7
https://numnumsbakery.com.au/blog/cake-for-work-anniversary-sydney,0,15,0,6.6
https://numnumsbakery.com.au/blog/cake-gifting-sydney.html,0,2,0,7
https://numnumsbakery.com.au/blog/cake-school-fete-fundraiser-sydney,0,19,0,11.8
https://numnumsbakery.com.au/blog/cake-shop-near-me-marsden-park-talawong,0,255,0,10.6
https://numnumsbakery.com.au/blog/cake-vs-dessert-table-sydney,0,22,0,8.9
https://numnumsbakery.com.au/blog/cakes-near-me-sydney,0,10,0,34.2
https://numnumsbakery.com.au/blog/celebration-cake-sydney,0,62,0,13.8
https://numnumsbakery.com.au/blog/christening-naming-day-cakes-sydney,0,17,0,8.1
https://numnumsbakery.com.au/blog/corporate-cake-sydney.html,0,10,0,5.9
https://numnumsbakery.com.au/blog/custom-cake-sydney,0,44,0,28.2
https://numnumsbakery.com.au/blog/drip-cake-sydney,0,78,0,7.3
https://numnumsbakery.com.au/blog/eggless-cake-bulk-order-sydney,0,8,0,30
https://numnumsbakery.com.au/blog/eggless-cake-bulk-order-sydney.html,0,1,0,2
https://numnumsbakery.com.au/blog/eggless-cake-buttercream-vs-fondant,0,48,0,13.1
https://numnumsbakery.com.au/blog/eggless-cake-cancellation-policy-sydney,0,1,0,6
https://numnumsbakery.com.au/blog/eggless-cake-catering-sydney,0,161,0,65.0
https://numnumsbakery.com.au/blog/eggless-cake-catering-sydney.html,0,2,0,84
https://numnumsbakery.com.au/blog/eggless-cake-customization-sydney.html,0,5,0,26
https://numnumsbakery.com.au/blog/eggless-cake-fillings-sydney,0,17,0,15.5
https://numnumsbakery.com.au/blog/eggless-cake-flavour-pairing-guide,0,22,0,12.1
https://numnumsbakery.com.au/blog/eggless-cake-for-diabetics-sydney,0,15,0,11.5
https://numnumsbakery.com.au/blog/eggless-cake-for-seniors-sydney,0,66,0,11.1
https://numnumsbakery.com.au/blog/eggless-cake-for-toddlers-sydney.html,0,5,0,9.6
https://numnumsbakery.com.au/blog/eggless-cake-gifting-guide-sydney,0,39,0,11.0
https://numnumsbakery.com.au/blog/eggless-cake-ingredient-labels-sydney,0,46,0,6.9
https://numnumsbakery.com.au/blog/eggless-cake-keto-low-carb-sydney,0,26,0,7.7
https://numnumsbakery.com.au/blog/eggless-cake-lactose-intolerance,0,189,0,9.8
https://numnumsbakery.com.au/blog/eggless-cake-low-fodmap-sydney,0,55,0,9.4
https://numnumsbakery.com.au/blog/eggless-cake-lower-sugar-options-sydney,0,41,0,7.9
https://numnumsbakery.com.au/blog/eggless-cake-office-birthday-sydney,0,74,0,20.3
https://numnumsbakery.com.au/blog/eggless-cake-online-order,0,3,0,37
https://numnumsbakery.com.au/blog/eggless-cake-ordering-mistakes,0,41,0,12.3
https://numnumsbakery.com.au/blog/eggless-cake-price-sydney,0,23,0,11.3
https://numnumsbakery.com.au/blog/eggless-cake-school-celebration-sydney,0,15,0,4.5
https://numnumsbakery.com.au/blog/eggless-cake-seasonal-flavours,0,3,0,9.3
https://numnumsbakery.com.au/blog/eggless-cake-size-guide-sydney,0,28,0,16.8
https://numnumsbakery.com.au/blog/eggless-cake-small-gatherings-sydney,0,30,0,18.9
https://numnumsbakery.com.au/blog/eggless-cake-sydney,0,5,0,9
https://numnumsbakery.com.au/blog/eggless-cake-tasting-sydney,0,11,0,39.6
https://numnumsbakery.com.au/blog/eggless-cake-transport-packaging-sydney,0,30,0,11.1
https://numnumsbakery.com.au/blog/eggless-cake-trends-sydney-2026,0,6,0,6.2
https://numnumsbakery.com.au/blog/eggless-cake-types,0,127,0,9.1
https://numnumsbakery.com.au/blog/eggless-cake-vs-brownies,0,8,0,7.4
https://numnumsbakery.com.au/blog/eggless-cake-vs-cheesecake-sydney,0,186,0,7.9
https://numnumsbakery.com.au/blog/eggless-cake-vs-cupcakes-sydney,0,11,0,15.7
https://numnumsbakery.com.au/blog/eggless-cake-vs-ice-cream-cake-sydney,0,62,0,8.8
https://numnumsbakery.com.au/blog/eggless-cake-vs-mud-cake,0,47,0,7.1
https://numnumsbakery.com.au/blog/eggless-cake-vs-pavlova,0,23,0,8.5
https://numnumsbakery.com.au/blog/eggless-cake-vs-supermarket-cake,0,59,0,7.1
https://numnumsbakery.com.au/blog/eggless-cake-vs-tart-sydney,0,10,0,4
https://numnumsbakery.com.au/blog/eggless-cake-wholesale-sydney,0,34,0,23.6
https://numnumsbakery.com.au/blog/eggless-cakes-acacia-gardens,0,23,0,7.8
https://numnumsbakery.com.au/blog/eggless-cakes-annangrove,0,28,0,8.4
https://numnumsbakery.com.au/blog/eggless-cakes-baby-shower-sydney,0,28,0,24.3
https://numnumsbakery.com.au/blog/eggless-cakes-bar-mitzvah-sydney,0,4,0,12.2
https://numnumsbakery.com.au/blog/eggless-cakes-bat-mitzvah-sydney,0,8,0,22
https://numnumsbakery.com.au/blog/eggless-cakes-baulkham-hills,0,26,0,9.6
https://numnumsbakery.com.au/blog/eggless-cakes-beecroft,0,21,0,6.6
https://numnumsbakery.com.au/blog/eggless-cakes-bella-vista,0,7,0,20.1
https://numnumsbakery.com.au/blog/eggless-cakes-berala.html,0,49,0,14.2
https://numnumsbakery.com.au/blog/eggless-cakes-berkshire-park,0,7,0,4
https://numnumsbakery.com.au/blog/eggless-cakes-bhai-dooj-sydney,0,13,0,6.7
https://numnumsbakery.com.au/blog/eggless-cakes-bligh-park,0,45,0,7.6
https://numnumsbakery.com.au/blog/eggless-cakes-bonnyrigg,0,70,0,15.1
https://numnumsbakery.com.au/blog/eggless-cakes-bossley-park,0,75,0,12.1
https://numnumsbakery.com.au/blog/eggless-cakes-bridal-shower-sydney,0,2,0,4
https://numnumsbakery.com.au/blog/eggless-cakes-bridal-shower-sydney.html,0,2,0,5
https://numnumsbakery.com.au/blog/eggless-cakes-cabramatta,0,68,0,6.6
https://numnumsbakery.com.au/blog/eggless-cakes-camellia,0,3,0,6.7
https://numnumsbakery.com.au/blog/eggless-cakes-carlingford,0,48,0,20.3
https://numnumsbakery.com.au/blog/eggless-cakes-castle-hill,0,47,0,9.3
https://numnumsbakery.com.au/blog/eggless-cakes-cattai,0,13,0,5.5
https://numnumsbakery.com.au/blog/eggless-cakes-cherrybrook,0,67,0,7.2
https://numnumsbakery.com.au/blog/eggless-cakes-chester-hill,0,33,0,9.1
https://numnumsbakery.com.au/blog/eggless-cakes-chhath-puja-sydney,0,27,0,6.3
https://numnumsbakery.com.au/blog/eggless-cakes-christmas-sydney,0,3,0,15.7
https://numnumsbakery.com.au/blog/eggless-cakes-colebee,0,27,0,8.6
https://numnumsbakery.com.au/blog/eggless-cakes-confirmation-sydney,0,2,0,7
https://numnumsbakery.com.au/blog/eggless-cakes-corporate-events-sydney,0,6,0,12
https://numnumsbakery.com.au/blog/eggless-cakes-denistone,0,9,0,7.1
https://numnumsbakery.com.au/blog/eggless-cakes-diwali-indian-festivals-sydney,0,8,0,22.9
https://numnumsbakery.com.au/blog/eggless-cakes-dundas,0,88,0,6.9
https://numnumsbakery.com.au/blog/eggless-cakes-dundas-valley,0,97,0,14.7
https://numnumsbakery.com.au/blog/eggless-cakes-dundas-valley.html,0,35,0,7.8
https://numnumsbakery.com.au/blog/eggless-cakes-easter-sydney,0,5,0,9.4
https://numnumsbakery.com.au/blog/eggless-cakes-eastwood,0,59,0,12.5
https://numnumsbakery.com.au/blog/eggless-cakes-eid-sydney,0,4,0,7.5
https://numnumsbakery.com.au/blog/eggless-cakes-eid-ul-adha-sydney,0,6,0,28
https://numnumsbakery.com.au/blog/eggless-cakes-emerton,0,12,0,16.9
https://numnumsbakery.com.au/blog/eggless-cakes-engagement-sydney,0,35,0,10.7
https://numnumsbakery.com.au/blog/eggless-cakes-ermington,0,41,0,43.3
https://numnumsbakery.com.au/blog/eggless-cakes-fairfield,0,6,0,29.5
https://numnumsbakery.com.au/blog/eggless-cakes-fairfield-heights,0,2,0,7
https://numnumsbakery.com.au/blog/eggless-cakes-fathers-day-sydney,0,282,0,11.1
https://numnumsbakery.com.au/blog/eggless-cakes-filipino-debut-sydney,0,39,0,8.7
https://numnumsbakery.com.au/blog/eggless-cakes-first-communion-sydney,0,62,0,10.0
https://numnumsbakery.com.au/blog/eggless-cakes-galston,0,14,0,9.1
https://numnumsbakery.com.au/blog/eggless-cakes-ganesh-chaturthi-sydney,0,14,0,15.6
https://numnumsbakery.com.au/blog/eggless-cakes-glendenning,0,41,0,6.3
https://numnumsbakery.com.au/blog/eggless-cakes-glenhaven,0,9,0,9.8
https://numnumsbakery.com.au/blog/eggless-cakes-glenwood,0,6,0,7.3
https://numnumsbakery.com.au/blog/eggless-cakes-graduation-sydney,0,3,0,33.3
https://numnumsbakery.com.au/blog/eggless-cakes-grantham-farm,0,71,0,22.7
https://numnumsbakery.com.au/blog/eggless-cakes-granville,0,22,0,7.9
https://numnumsbakery.com.au/blog/eggless-cakes-guildford,0,6,0,9.3
https://numnumsbakery.com.au/blog/eggless-cakes-guildford-west,0,10,0,17.9
https://numnumsbakery.com.au/blog/eggless-cakes-guru-nanak-gurpurab-sydney,0,29,0,16.4
https://numnumsbakery.com.au/blog/eggless-cakes-hebersham,0,76,0,6.4
https://numnumsbakery.com.au/blog/eggless-cakes-holroyd,0,5,0,7.4
https://numnumsbakery.com.au/blog/eggless-cakes-housewarming-sydney,0,4,0,13.8
https://numnumsbakery.com.au/blog/eggless-cakes-karwa-chauth-sydney,0,13,0,12.7
https://numnumsbakery.com.au/blog/eggless-cakes-kellyville-ridge,0,26,0,9.9
https://numnumsbakery.com.au/blog/eggless-cakes-kenthurst,0,102,0,7.3
https://numnumsbakery.com.au/blog/eggless-cakes-kings-langley,0,8,0,11.2
https://numnumsbakery.com.au/blog/eggless-cakes-lalor-park,0,189,0,15.9
https://numnumsbakery.com.au/blog/eggless-cakes-lethbridge-park,0,5,0,9.2
https://numnumsbakery.com.au/blog/eggless-cakes-lidcombe,0,50,0,12.9
https://numnumsbakery.com.au/blog/eggless-cakes-lunar-new-year-sydney,0,6,0,12.2
https://numnumsbakery.com.au/blog/eggless-cakes-marsden-park,0,17,0,28.7
https://numnumsbakery.com.au/blog/eggless-cakes-marsfield,0,83,0,6.4
https://numnumsbakery.com.au/blog/eggless-cakes-mcgraths-hill,0,60,0,8.5
https://numnumsbakery.com.au/blog/eggless-cakes-meadowbank,0,29,0,8.6
https://numnumsbakery.com.au/blog/eggless-cakes-mehendi-sydney,0,17,0,29.5
https://numnumsbakery.com.au/blog/eggless-cakes-melrose-park,0,15,0,13.1
https://numnumsbakery.com.au/blog/eggless-cakes-merrylands,0,34,0,7.7
https://numnumsbakery.com.au/blog/eggless-cakes-minchinbury,0,209,0,6.9
https://numnumsbakery.com.au/blog/eggless-cakes-mothers-day-sydney,0,8,0,9.8
https://numnumsbakery.com.au/blog/eggless-cakes-mount-druitt,0,149,0,7.1
https://numnumsbakery.com.au/blog/eggless-cakes-navratri-sydney,0,18,0,13.8
https://numnumsbakery.com.au/blog/eggless-cakes-near-me-sydney,0,59,0,18.2
https://numnumsbakery.com.au/blog/eggless-cakes-nelson-nsw,0,1,0,8
https://numnumsbakery.com.au/blog/eggless-cakes-new-year-sydney,0,1,0,28
https://numnumsbakery.com.au/blog/eggless-cakes-newington,0,135,0,7.3
https://numnumsbakery.com.au/blog/eggless-cakes-north-parramatta,0,24,0,15.4
https://numnumsbakery.com.au/blog/eggless-cakes-north-richmond,0,26,0,9.2
https://numnumsbakery.com.au/blog/eggless-cakes-norwest,0,15,0,8
https://numnumsbakery.com.au/blog/eggless-cakes-nowruz-sydney,0,9,0,38.6
https://numnumsbakery.com.au/blog/eggless-cakes-oakhurst,0,28,0,8.5
https://numnumsbakery.com.au/blog/eggless-cakes-oatlands,0,20,0,16.6
https://numnumsbakery.com.au/blog/eggless-cakes-old-guildford,0,16,0,6.4
https://numnumsbakery.com.au/blog/eggless-cakes-old-toongabbie,0,103,0,34.8
https://numnumsbakery.com.au/blog/eggless-cakes-onam-sydney.html,0,2,0,10
https://numnumsbakery.com.au/blog/eggless-cakes-pemulwuy,0,25,0,12.8
https://numnumsbakery.com.au/blog/eggless-cakes-pendle-hill,0,17,0,16.2
https://numnumsbakery.com.au/blog/eggless-cakes-pennant-hills,0,52,0,6.4
https://numnumsbakery.com.au/blog/eggless-cakes-pongal-sydney,0,25,0,10.6
https://numnumsbakery.com.au/blog/eggless-cakes-prairiewood,0,42,0,4.8
https://numnumsbakery.com.au/blog/eggless-cakes-prospect,0,103,0,10.4
https://numnumsbakery.com.au/blog/eggless-cakes-purim-sydney,0,9,0,25.4
https://numnumsbakery.com.au/blog/eggless-cakes-quinceanera-sydney,0,5,0,7.8
https://numnumsbakery.com.au/blog/eggless-cakes-ramadan-sydney,0,6,0,8.2
https://numnumsbakery.com.au/blog/eggless-cakes-regents-park,0,12,0,29.8
https://numnumsbakery.com.au/blog/eggless-cakes-retirement-sydney,0,3,0,20
https://numnumsbakery.com.au/blog/eggless-cakes-retirement-sydney.html,0,4,0,8.8
https://numnumsbakery.com.au/blog/eggless-cakes-rhodes,0,4,0,10.2
https://numnumsbakery.com.au/blog/eggless-cakes-rooty-hill,0,99,0,11.7
https://numnumsbakery.com.au/blog/eggless-cakes-rosehill,0,15,0,30.4
https://numnumsbakery.com.au/blog/eggless-cakes-rouse-hill,0,37,0,17.7
https://numnumsbakery.com.au/blog/eggless-cakes-rydalmere,0,7,0,13.7
https://numnumsbakery.com.au/blog/eggless-cakes-sefton,0,38,0,5.9
https://numnumsbakery.com.au/blog/eggless-cakes-seven-hills,0,127,0,7.2
https://numnumsbakery.com.au/blog/eggless-cakes-shalvey,0,13,0,9.7
https://numnumsbakery.com.au/blog/eggless-cakes-shanes-park,0,94,0,4.4
https://numnumsbakery.com.au/blog/eggless-cakes-silverwater,0,90,0,9.2
https://numnumsbakery.com.au/blog/eggless-cakes-smithfield,0,79,0,11.5
https://numnumsbakery.com.au/blog/eggless-cakes-south-granville,0,17,0,8.1
https://numnumsbakery.com.au/blog/eggless-cakes-south-granville.html,0,29,0,4.2
https://numnumsbakery.com.au/blog/eggless-cakes-south-windsor,0,15,0,9.3
https://numnumsbakery.com.au/blog/eggless-cakes-stanhope-gardens,0,15,0,10.8
https://numnumsbakery.com.au/blog/eggless-cakes-sweet-16-sydney,0,11,0,6.4
https://numnumsbakery.com.au/blog/eggless-cakes-teachers-day-sydney,0,14,0,37.1
https://numnumsbakery.com.au/blog/eggless-cakes-telopea.html,0,26,0,9.4
https://numnumsbakery.com.au/blog/eggless-cakes-thaipusam-sydney,0,32,0,28.1
https://numnumsbakery.com.au/blog/eggless-cakes-toongabbie,0,28,0,11.8
https://numnumsbakery.com.au/blog/eggless-cakes-toongabbie.html,0,1,0,21
https://numnumsbakery.com.au/blog/eggless-cakes-tregear,0,5,0,19.2
https://numnumsbakery.com.au/blog/eggless-cakes-ugadi-sydney,0,4,0,4.2
https://numnumsbakery.com.au/blog/eggless-cakes-valentines-day-sydney,0,13,0,35.7
https://numnumsbakery.com.au/blog/eggless-cakes-vineyard,0,9,0,8.1
https://numnumsbakery.com.au/blog/eggless-cakes-vishu-sydney,0,3,0,4.7
https://numnumsbakery.com.au/blog/eggless-cakes-wentworth-point,0,29,0,11.3
https://numnumsbakery.com.au/blog/eggless-cakes-west-pennant-hills,0,19,0,10.8
https://numnumsbakery.com.au/blog/eggless-cakes-westmead,0,48,0,7.0
https://numnumsbakery.com.au/blog/eggless-cakes-wetherill-park,0,26,0,6.9
https://numnumsbakery.com.au/blog/eggless-cakes-whalan,0,24,0,12.8
https://numnumsbakery.com.au/blog/eggless-cakes-wilberforce,0,4,0,8
https://numnumsbakery.com.au/blog/eggless-cakes-willmot,0,12,0,8.2
https://numnumsbakery.com.au/blog/eggless-cakes-windsor,0,22,0,8.1
https://numnumsbakery.com.au/blog/eggless-cakes-woodcroft,0,64,0,8.0
https://numnumsbakery.com.au/blog/eggless-cakes-woodville,0,54,0,30.7
https://numnumsbakery.com.au/blog/eggless-cakes-yagoona,0,49,0,8.0
https://numnumsbakery.com.au/blog/eggless-cakes-yalda-night-sydney,0,3,0,4.3
https://numnumsbakery.com.au/blog/eggless-cakes-yennora,0,48,0,6.2
https://numnumsbakery.com.au/blog/eggless-chocolate-cake-sydney,0,26,0,6.8
https://numnumsbakery.com.au/blog/eggless-cupcakes-kids-birthday-party-sydney,0,12,0,23.5
https://numnumsbakery.com.au/blog/eggless-cupcakes-sydney,0,8,0,10.4
https://numnumsbakery.com.au/blog/eggless-fruit-cake-sydney,0,45,0,14.2
https://numnumsbakery.com.au/blog/eggless-red-velvet-cake-sydney,0,31,0,10.5
https://numnumsbakery.com.au/blog/eggless-wedding-cakes-sydney,0,18,0,10.1
https://numnumsbakery.com.au/blog/halloween-cake-sydney,0,3,0,6
https://numnumsbakery.com.au/blog/hanukkah-cakes-sydney,0,2,0,15
https://numnumsbakery.com.au/blog/how-to-design-birthday-cake-sydney,0,218,0,13.0
https://numnumsbakery.com.au/blog/how-to-order-custom-eggless-cake-online,0,2,0,9.5
https://numnumsbakery.com.au/blog/hsc-results-day-cake-sydney,0,16,0,9.9
https://numnumsbakery.com.au/blog/naked-cake-sydney,0,130,0,14.0
https://numnumsbakery.com.au/blog/natural-ingredients-eggless-cakes,0,63,0,14.8
https://numnumsbakery.com.au/blog/novelty-sculpted-cake-designs-sydney,0,53,0,6.4
https://numnumsbakery.com.au/blog/orthodox-christmas-cakes-sydney,0,4,0,9
https://numnumsbakery.com.au/blog/passover-cakes-sydney,0,3,0,8.7
https://numnumsbakery.com.au/blog/reunion-cake-sydney,0,6,0,7.8
https://numnumsbakery.com.au/blog/same-day-cake-sydney.html,0,4,0,8.2
https://numnumsbakery.com.au/blog/sensory-friendly-cake-sydney,0,3,0,6.3
https://numnumsbakery.com.au/blog/songkran-thai-new-year-sydney,0,4,0,5
https://numnumsbakery.com.au/blog/spring-cake-sydney,0,11,0,10.5
https://numnumsbakery.com.au/blog/summer-cake-sydney,0,10,0,4.6
https://numnumsbakery.com.au/blog/teej-sydney,0,65,0,7.4
https://numnumsbakery.com.au/blog/tet-vietnamese-new-year-sydney,0,20,0,10.8
https://numnumsbakery.com.au/blog/top-7-custom-eggless-cake-designs-kids-birthdays,0,9,0,15.7
https://numnumsbakery.com.au/blog/why-we-chose-100-percent-eggless-bakery,0,5,0,7.2
https://numnumsbakery.com.au/blog/winter-cake-sydney,0,5,0,6.4
https://numnumsbakery.com.au/category/cake/,0,4,0,3.5
https://numnumsbakery.com.au/contact/,0,104,0,15.1
https://numnumsbakery.com.au/croissant-tart-section/,0,2,0,5
https://numnumsbakery.com.au/indian-sweet/,0,15,0,7.8
https://numnumsbakery.com.au/our-team/,0,3,0,3.3
https://numnumsbakery.com.au/pastry/,0,10,0,6.2
https://numnumsbakery.com.au/portfolio/baby-shower-cake/,0,1,0,82
https://numnumsbakery.com.au/portfolio/berry-cupcaces/,0,8,0,46.6
https://numnumsbakery.com.au/portfolio/brownie-cream-cake/,0,3,0,5.7
https://numnumsbakery.com.au/portfolio/tiramisu-cake/,0,4,0,59.2
https://numnumsbakery.com.au/portfolio/vanilla-cake/,0,12,0,47.5
https://numnumsbakery.com.au/services/,0,16,0,42.2
https://numnumsbakery.com.au/services/birthday-cakes/,0,12,0,59
