file,href,target,anchor,issue
blog/cake-serving-size-guide-sydney.html,/blog/cake-price-guide-sydney.html,/blog/cake-price-guide-sydney,→ Cake Price Guide Sydney,HTML_SUFFIX_HOP
blog/cake-serving-size-guide-sydney.html,/blog/eggless-cake-vs-cupcakes-sydney.html,/blog/eggless-cake-vs-cupcakes-sydney,→ Eggless Cake vs Cupcakes,HTML_SUFFIX_HOP
blog/cake-serving-size-guide-sydney.html,/blog/best-cake-sydney.html,/blog/best-cake-sydney,→ Best Cake Sydney,HTML_SUFFIX_HOP
blog/cake-serving-size-guide-sydney.html,/blog/custom-cake-sydney.html,/blog/custom-cake-sydney,→ Custom Cake Sydney,HTML_SUFFIX_HOP
blog/eggless-cake-calories-guide-sydney.html,/blog/eggless-cake-flavours.html,/blog/eggless-cake-flavours,complete flavour guide,HTML_SUFFIX_HOP
blog/eggless-cake-calories-guide-sydney.html,/blog/eggless-cake-lower-sugar-options-sydney.html,/blog/eggless-cake-lower-sugar-options-sydney,lower-sugar options guide,HTML_SUFFIX_HOP
blog/eggless-cake-calories-guide-sydney.html,/blog/eggless-cake-buttercream-vs-fondant.html,/blog/eggless-cake-buttercream-vs-fondant,buttercream vs fondant guide,HTML_SUFFIX_HOP
blog/eggless-cake-calories-guide-sydney.html,/blog/eggless-cake-buttercream-vs-fondant.html,/blog/eggless-cake-buttercream-vs-fondant,→ Eggless Cake Buttercream vs Fondant,HTML_SUFFIX_HOP
blog/eggless-cake-calories-guide-sydney.html,/blog/eggless-cake-lower-sugar-options-sydney.html,/blog/eggless-cake-lower-sugar-options-sydney,→ Lower-Sugar Eggless Cake Options,HTML_SUFFIX_HOP
blog/eggless-cake-for-pregnancy-sydney.html,/blog/eggless-cakes-baby-shower-sydney.html,/blog/eggless-cakes-baby-shower-sydney,eggless baby shower cakes in Sydney,HTML_SUFFIX_HOP
blog/eggless-cake-for-pregnancy-sydney.html,/blog/eggless-cakes-baby-shower-sydney.html,/blog/eggless-cakes-baby-shower-sydney,eggless baby shower cakes in Sydney,HTML_SUFFIX_HOP
blog/eggless-cake-for-pregnancy-sydney.html,/blog/natural-ingredients-eggless-cakes.html,/blog/natural-ingredients-eggless-cakes,natural ingredients in eggless cakes,HTML_SUFFIX_HOP
blog/eggless-cake-for-pregnancy-sydney.html,/blog/eggless-cake-for-toddlers-sydney.html,/blog/eggless-cake-for-toddlers-sydney,eggless cakes for toddlers in Sydney,HTML_SUFFIX_HOP
blog/eggless-cake-for-pregnancy-sydney.html,/blog/first-birthday-cake-sydney.html,/blog/first-birthday-cake-sydney,first birthday cake guide,HTML_SUFFIX_HOP
blog/eggless-cake-for-pregnancy-sydney.html,/blog/eggless-cakes-baby-shower-sydney.html,/blog/eggless-cakes-baby-shower-sydney,baby shower eggless cakes guide,HTML_SUFFIX_HOP
blog/eggless-cake-for-pregnancy-sydney.html,/blog/eggless-cakes-baby-shower-sydney.html,/blog/eggless-cakes-baby-shower-sydney,→ Eggless Baby Shower Cakes in Sydney,HTML_SUFFIX_HOP
blog/eggless-cake-for-pregnancy-sydney.html,/blog/first-birthday-cake-sydney.html,/blog/first-birthday-cake-sydney,→ First Birthday Cake in Sydney,HTML_SUFFIX_HOP
blog/eggless-cake-for-pregnancy-sydney.html,/blog/natural-ingredients-eggless-cakes.html,/blog/natural-ingredients-eggless-cakes,→ Natural Ingredients in Eggless Cakes,HTML_SUFFIX_HOP
blog/eggless-cake-seasonal-flavours.html,/contact,/order,Contact,POINTS_AT_RETIRED_URL
blog/eggless-cake-seasonal-flavours.html,/privacy,,Privacy,TRULY_BROKEN
blog/eggless-cake-seasonal-flavours.html,/terms,,Terms,TRULY_BROKEN
blog/eggless-cake-vs-cupcakes-sydney.html,/blog/eggless-cake-vs-regular-cake.html,/blog/eggless-cake-vs-regular-cake,→ Eggless Cake vs Regular Cake,HTML_SUFFIX_HOP
blog/eggless-cake-vs-cupcakes-sydney.html,/blog/eggless-cupcakes-kids-birthday-party-sydney.html,/blog/eggless-cupcakes-kids-birthday-party-sydney,→ Eggless Cupcakes for a Kids' Birthday Party,HTML_SUFFIX_HOP
blog/eggless-cake-vs-cupcakes-sydney.html,/blog/eggless-cake-flavours.html,/blog/eggless-cake-flavours,→ Eggless Cake Flavours Guide,HTML_SUFFIX_HOP
blog/eggless-cake-vs-cupcakes-sydney.html,/blog/cake-price-guide-sydney.html,/blog/cake-price-guide-sydney,→ Cake Price Guide Sydney,HTML_SUFFIX_HOP
blog/eggless-cakes-bonnyrigg.html,/blog/lunar-new-year-sydney,,→ Lunar New Year Cakes Sydney,TRULY_BROKEN
blog/eggless-cakes-box-hill-sydney.html,/blog/eggless-cakes-tallawong.html,/blog/eggless-cakes-tallawong,Tallawong,HTML_SUFFIX_HOP
blog/eggless-cakes-box-hill-sydney.html,/blog/eggless-cakes-riverstone.html,/blog/eggless-cakes-riverstone,Riverstone,HTML_SUFFIX_HOP
blog/eggless-cakes-box-hill-sydney.html,/blog/eggless-cakes-rouse-hill.html,/blog/eggless-cakes-rouse-hill,Rouse Hill,HTML_SUFFIX_HOP
blog/eggless-cakes-carlingford.html,/blog/eggless-cakes-epping.html,/blog/eggless-cakes-epping,Epping,HTML_SUFFIX_HOP
blog/eggless-cakes-carlingford.html,/blog/eggless-cakes-dundas-valley.html,/blog/eggless-cakes-dundas-valley,Dundas Valley,HTML_SUFFIX_HOP
blog/eggless-cakes-carlingford.html,/blog/eggless-cakes-parramatta.html,/blog/eggless-cakes-parramatta,→ Eggless Cakes Near Parramatta,HTML_SUFFIX_HOP
blog/eggless-cakes-carlingford.html,/blog/eggless-cakes-north-parramatta.html,/blog/eggless-cakes-north-parramatta,→ Eggless Cakes Near North Parramatta,HTML_SUFFIX_HOP
blog/eggless-cakes-carlingford.html,/blog/eggless-cakes-northmead.html,/blog/eggless-cakes-northmead,→ Eggless Cakes Near Northmead,HTML_SUFFIX_HOP
blog/eggless-cakes-carlingford.html,/blog/eggless-cakes-rydalmere.html,/blog/eggless-cakes-rydalmere,→ Eggless Cakes Near Rydalmere,HTML_SUFFIX_HOP
blog/eggless-cakes-carlingford.html,/blog/eggless-cakes-westmead.html,/blog/eggless-cakes-westmead,→ Eggless Cakes Near Westmead,HTML_SUFFIX_HOP
blog/eggless-cakes-carlingford.html,/blog/eggless-cake-for-birthday.html,/blog/eggless-cake-for-birthday,→ Eggless Cake for a Birthday,HTML_SUFFIX_HOP
blog/eggless-cakes-diwali-indian-festivals-sydney.html,/blog/eggless-cakes-eid-sydney.html,/blog/eggless-cakes-eid-sydney,Eid al-Fitr,HTML_SUFFIX_HOP
blog/eggless-cakes-diwali-indian-festivals-sydney.html,/blog/eggless-cakes-eid-ul-adha-sydney.html,/blog/eggless-cakes-eid-ul-adha-sydney,Eid al-Adha,HTML_SUFFIX_HOP
blog/eggless-cakes-diwali-indian-festivals-sydney.html,/blog/eggless-cakes-holi-sydney.html,/blog/eggless-cakes-holi-sydney,Holi,HTML_SUFFIX_HOP
blog/eggless-cakes-diwali-indian-festivals-sydney.html,/blog/eggless-cakes-navratri-sydney.html,/blog/eggless-cakes-navratri-sydney,Navratri,HTML_SUFFIX_HOP
blog/eggless-cakes-diwali-indian-festivals-sydney.html,/blog/eggless-cakes-raksha-bandhan-sydney.html,/blog/eggless-cakes-raksha-bandhan-sydney,Raksha Bandhan,HTML_SUFFIX_HOP
blog/eggless-cakes-eid-ul-adha-sydney.html,/blog/eggless-cakes-eid-sydney.html,/blog/eggless-cakes-eid-sydney,Eid ul-Fitr,HTML_SUFFIX_HOP
blog/eggless-cakes-eid-ul-adha-sydney.html,/blog/eggless-cakes-parramatta.html,/blog/eggless-cakes-parramatta,Parramatta,HTML_SUFFIX_HOP
blog/eggless-cakes-eid-ul-adha-sydney.html,/blog/eggless-cakes-blacktown.html,/blog/eggless-cakes-blacktown,Blacktown,HTML_SUFFIX_HOP
blog/eggless-cakes-eid-ul-adha-sydney.html,/blog/eggless-cakes-auburn.html,/blog/eggless-cakes-auburn,Auburn,HTML_SUFFIX_HOP
blog/eggless-cakes-eid-ul-adha-sydney.html,/blog/eggless-cakes-schofields.html,/blog/eggless-cakes-schofields,Schofields,HTML_SUFFIX_HOP
blog/eggless-cakes-ermington.html,/blog/eggless-cakes-rydalmere.html,/blog/eggless-cakes-rydalmere,Rydalmere,HTML_SUFFIX_HOP
blog/eggless-cakes-ermington.html,/blog/eggless-cakes-north-parramatta.html,/blog/eggless-cakes-north-parramatta,North Parramatta,HTML_SUFFIX_HOP
blog/eggless-cakes-ermington.html,/blog/eggless-cakes-dundas-valley.html,/blog/eggless-cakes-dundas-valley,Dundas Valley,HTML_SUFFIX_HOP
blog/eggless-cakes-ermington.html,/blog/eggless-cakes-rosehill.html,/blog/eggless-cakes-rosehill,Rosehill,HTML_SUFFIX_HOP
blog/eggless-cakes-ermington.html,/blog/eggless-cakes-westmead.html,/blog/eggless-cakes-westmead,Westmead,HTML_SUFFIX_HOP
blog/eggless-cakes-ermington.html,/blog/eggless-cakes-parramatta.html,/blog/eggless-cakes-parramatta,→ Eggless Cakes Near Parramatta,HTML_SUFFIX_HOP
blog/eggless-cakes-ermington.html,/blog/eggless-cakes-rydalmere.html,/blog/eggless-cakes-rydalmere,→ Eggless Cakes Near Rydalmere,HTML_SUFFIX_HOP
blog/eggless-cakes-ermington.html,/blog/eggless-cakes-rosehill.html,/blog/eggless-cakes-rosehill,→ Eggless Cakes Near Rosehill,HTML_SUFFIX_HOP
blog/eggless-cakes-ermington.html,/blog/eggless-cakes-westmead.html,/blog/eggless-cakes-westmead,→ Eggless Cakes Near Westmead,HTML_SUFFIX_HOP
blog/eggless-cakes-ermington.html,/blog/eggless-cake-for-birthday.html,/blog/eggless-cake-for-birthday,→ Eggless Cake for a Birthday,HTML_SUFFIX_HOP
blog/eggless-cakes-harris-park.html,/blog/eggless-cakes-parramatta.html,/blog/eggless-cakes-parramatta,Eggless Cakes Near Parramatta,HTML_SUFFIX_HOP
blog/eggless-cakes-harris-park.html,/blog/eggless-cakes-rosehill.html,/blog/eggless-cakes-rosehill,Eggless Cakes Near Rosehill,HTML_SUFFIX_HOP
blog/eggless-cakes-mothers-day-sydney.html,/blog/eggless-cake-indian-flavours.html,/blog/eggless-cake-indian-flavours,South Asian tradition,HTML_SUFFIX_HOP
blog/eggless-cakes-mothers-day-sydney.html,/blog/eggless-cakes-auburn.html,/blog/eggless-cakes-auburn,Auburn,HTML_SUFFIX_HOP
blog/eggless-cakes-mothers-day-sydney.html,/blog/eggless-cakes-schofields.html,/blog/eggless-cakes-schofields,Schofields,HTML_SUFFIX_HOP
blog/eggless-cakes-near-me-sydney.html,/blog/eggless-cakes-westmead.html,/blog/eggless-cakes-westmead,Westmead,HTML_SUFFIX_HOP
blog/eggless-cakes-near-me-sydney.html,/blog/eggless-cakes-auburn.html,/blog/eggless-cakes-auburn,Auburn,HTML_SUFFIX_HOP
blog/eggless-cakes-near-me-sydney.html,/blog/eggless-cakes-schofields.html,/blog/eggless-cakes-schofields,Schofields,HTML_SUFFIX_HOP
blog/eggless-cakes-ramadan-sydney.html,/blog/eggless-cakes-eid-sydney.html,/blog/eggless-cakes-eid-sydney,Eid-ul-Fitr,HTML_SUFFIX_HOP
blog/eggless-cakes-ramadan-sydney.html,/blog/eggless-cakes-auburn.html,/blog/eggless-cakes-auburn,Auburn,HTML_SUFFIX_HOP
blog/eggless-cakes-ramadan-sydney.html,/blog/eggless-cakes-blacktown.html,/blog/eggless-cakes-blacktown,Blacktown,HTML_SUFFIX_HOP
blog/eggless-cakes-schofields.html,/blog/eggless-cakes-the-ponds.html,/blog/eggless-cakes-the-ponds,The Ponds,HTML_SUFFIX_HOP
blog/eggless-cakes-schofields.html,/blog/eggless-cakes-quakers-hill.html,/blog/eggless-cakes-quakers-hill,Quakers Hill,HTML_SUFFIX_HOP
blog/eggless-cakes-soft-moist-myths-vs-facts.html,/blog/eggless-wedding-cakes-sydney.html,/blog/eggless-wedding-cakes-sydney,multi-tier wedding,HTML_SUFFIX_HOP
blog/eggless-cakes-soft-moist-myths-vs-facts.html,/blog/eggless-cake-egg-substitutes.html,/blog/eggless-cake-egg-substitutes,eggless substitutes,HTML_SUFFIX_HOP
blog/eggless-cakes-soft-moist-myths-vs-facts.html,/blog/natural-ingredients-eggless-cakes.html,/blog/natural-ingredients-eggless-cakes,whole-food ingredients,HTML_SUFFIX_HOP
blog/eggless-cakes-soft-moist-myths-vs-facts.html,/blog/vegan-vs-eggless-cakes-difference.html,/blog/vegan-vs-eggless-cakes-difference,Eggless and vegan are not the same,HTML_SUFFIX_HOP
blog/eggless-cakes-yalda-night-sydney.html,/blog/eggless-cake-flavours.html,/blog/eggless-cake-flavours,complete eggless cake flavours guide,HTML_SUFFIX_HOP
blog/eggless-cakes-yalda-night-sydney.html,/blog/eggless-cakes-christmas-sydney.html,/blog/eggless-cakes-christmas-sydney,eggless cakes for Christmas in Sydney,HTML_SUFFIX_HOP
blog/eggless-cakes-yalda-night-sydney.html,/blog/eggless-cakes-christmas-sydney.html,/blog/eggless-cakes-christmas-sydney,→ Eggless Cakes for Christmas,HTML_SUFFIX_HOP
blog/eggless-cakes-yalda-night-sydney.html,/blog/eggless-cake-flavours.html,/blog/eggless-cake-flavours,→ Complete Eggless Cake Flavours Guide,HTML_SUFFIX_HOP
blog/how-to-design-birthday-cake-sydney.html,/blog/eggless-cake-flavour-pairing-guide.html,/blog/eggless-cake-flavour-pairing-guide,eggless cake flavour pairing guide,HTML_SUFFIX_HOP
blog/how-to-design-birthday-cake-sydney.html,/blog/top-7-custom-eggless-cake-designs-kids-birthdays.html,/blog/top-7-custom-eggless-cake-designs-kids-birthdays,top 7 custom eggless cake designs for kids' birthdays,HTML_SUFFIX_HOP
blog/how-to-design-birthday-cake-sydney.html,/blog/milestone-birthday-cake-sydney.html,/blog/milestone-birthday-cake-sydney,milestone birthday cake Sydney guide,HTML_SUFFIX_HOP
blog/how-to-design-birthday-cake-sydney.html,/blog/eggless-cake-buttercream-vs-fondant.html,/blog/eggless-cake-buttercream-vs-fondant,eggless cake buttercream vs fondant,HTML_SUFFIX_HOP
blog/how-to-design-birthday-cake-sydney.html,/blog/eggless-cake-buttercream-vs-fondant.html,/blog/eggless-cake-buttercream-vs-fondant,eggless cake buttercream vs fondant,HTML_SUFFIX_HOP
blog/how-to-design-birthday-cake-sydney.html,/blog/top-7-custom-eggless-cake-designs-kids-birthdays.html,/blog/top-7-custom-eggless-cake-designs-kids-birthdays,→ Top 7 Custom Eggless Cake Designs for Kids,HTML_SUFFIX_HOP
blog/how-to-design-birthday-cake-sydney.html,/blog/eggless-cake-buttercream-vs-fondant.html,/blog/eggless-cake-buttercream-vs-fondant,→ Buttercream vs Fondant: Which to Choose?,HTML_SUFFIX_HOP
blog/unique-birthday-cake-ideas-sydney.html,/contact,/order,Contact,POINTS_AT_RETIRED_URL
blog/unique-birthday-cake-ideas-sydney.html,/privacy,,Privacy,TRULY_BROKEN
blog/unique-birthday-cake-ideas-sydney.html,/terms,,Terms,TRULY_BROKEN
