file,off_menu_flavour,mentions
blog/afternoon-tea-cakes-sydney.html,Chocolate Fudge,1
blog/afternoon-tea-cakes-sydney.html,Oreo,1
blog/best-dessert-shop-sydney.html,Chocolate Fudge,4
blog/best-dessert-shop-sydney.html,Lotus Biscoff,4
blog/best-dessert-shop-sydney.html,Pistachio,4
blog/best-dessert-shop-sydney.html,Choco Vanilla,1
blog/best-eggless-cake-shops-sydney-2026.html,Kesar Pista,4
blog/best-eggless-cake-shops-sydney-2026.html,Pistachio,2
blog/birthday-cake-near-me-sydney-suburbs.html,Chocolate Fudge,1
blog/birthday-cake-near-me-sydney-suburbs.html,Lotus Biscoff,1
blog/birthday-cake-near-me-sydney-suburbs.html,Pistachio,2
blog/birthday-cake-near-me-sydney-suburbs.html,Choco Vanilla,1
blog/cake-shop-near-me-marsden-park-talawong.html,Chocolate Fudge,3
blog/cake-shop-near-me-marsden-park-talawong.html,Lotus Biscoff,3
blog/cake-shop-near-me-marsden-park-talawong.html,Pistachio,3
blog/eggless-cake-delivery-sydney.html,Oreo,1
blog/eggless-cake-school-celebration-sydney.html,Chocolate Fudge,7
blog/eggless-cake-school-celebration-sydney.html,Vanilla Bean,8
blog/eggless-cake-school-celebration-sydney.html,Strawberry Cream,5
blog/eggless-cake-school-celebration-sydney.html,Lemon Zest,3
blog/eggless-cake-school-celebration-sydney.html,Salted Caramel,3
blog/eggless-cakes-diwali-indian-festivals-sydney.html,Pistachio,2
blog/eggless-cakes-eid-milad-un-nabi-sydney.html,Pistachio,1
blog/eggless-cakes-eid-ul-adha-sydney.html,Chocolate Fudge,5
blog/eggless-cakes-eid-ul-adha-sydney.html,Vanilla Bean,3
blog/eggless-cakes-eid-ul-adha-sydney.html,Saffron Pistachio,5
blog/eggless-cakes-eid-ul-adha-sydney.html,Rose Cardamom,5
blog/eggless-cakes-eid-ul-adha-sydney.html,Coconut Pandan,1
blog/eggless-cakes-eid-ul-adha-sydney.html,Mango Passion,3
blog/eggless-cakes-eid-ul-adha-sydney.html,Taro,1
blog/eggless-cakes-eid-ul-adha-sydney.html,Pistachio,5
blog/eggless-cakes-near-me-sydney.html,Oreo,1
blog/eggless-cakes-new-year-sydney.html,Pistachio,1
blog/how-to-order-cake-sydney.html,Pistachio,1
blog/index.html,Chocolate Fudge,1
blog/index.html,Saffron Pistachio,1
blog/index.html,Rose Cardamom,1
blog/index.html,Pistachio,1
blog/luxury-cake-sydney.html,Vanilla Bean,1
blog/luxury-cake-sydney.html,Salted Caramel,1
blog/sensory-friendly-cake-sydney.html,Oreo,1
